id,name,age,address_id
1,Esme Goodbanne,20,3
2,Jeanne Spender,22,2
3,Juana Tabary,27,3
4,Astra Swayte,26,2
5,Huntlee Dutchburn,23,1
6,Carmelle Klimentyonok,22,1
7,Justinian Gerson,21,1
8,Jasmin Gillings,30,1
9,Brier Dutton,20,3
10,Lucas Lowdes,26,1
11,Hayyim Sayle,27,2
12,Fanya MacAlinden,22,3
13,Karina Cornels,24,3
14,Tiffie Litt,25,1
15,Merilee Lynthal,25,3
16,Ericha Apthorpe,29,1
17,Xylina Dallimore,25,1
18,Fawne Craighill,25,2
19,Catlee Cannell,29,1
20,Sheffield Kretschmer,26,3
21,Iosep Inman,28,3
22,Guthrie Shanks,28,2
23,Burch Abramin,22,2
24,Frazier Hallut,27,3
25,Dottie Brumfitt,25,1
26,Gabi Hirthe,24,3
27,Emlynne Dwerryhouse,23,3
28,Christye Castellet,21,2
29,Starr Limmer,20,3
30,Essy Diaper,29,1
31,Phillipp Redmile,21,2
32,Lon Hilbourne,29,3
33,Austen Cordero,24,3
34,Boot Bernardotte,21,3
35,Tamas Delacour,22,3
36,Geraldine Spendlove,29,1
37,Essie Guerrier,23,3
38,Adella Tams,29,3
39,Morton Zanetello,27,1
40,Mile Gogerty,21,3
41,Cindi Jiri,21,2
42,Evania Sackur,21,1
43,Marijo Richfield,23,3
44,Callie Aurelius,29,2
45,Richmound Jobling,30,2
46,Lucine Bartoszewicz,25,1
47,Priscella Carrigan,23,3
48,Bone Shill,26,3
49,Candy Rowlson,22,2
50,Rosette Stuer,30,1
51,Rafe Hutchason,28,3
52,Lolita Hamill,23,2
53,Jodi Hakewell,22,1
54,Raven Terran,24,2
55,Gigi Temperley,23,2
56,Lindsay Brack,23,2
57,Gabriell Merali,28,1
58,Jdavie Filasov,30,1
59,Raychel Sieghard,23,1
60,Nanny Clements,20,1
61,Dilly Witul,29,3
62,Clementia Tainton,23,3
63,Gretel Sarfati,21,2
64,Courtnay Guitte,30,1
65,Gawen Martinets,24,2
66,Ellissa Crake,21,3
67,Weber Farbrace,26,2
68,Camille Minchinton,27,2
69,Hakim Phayre,26,3
70,Nancey Fearn,25,3
71,Johnna Bonson,27,1
72,Jarrid Avraham,23,2
73,Duke Tweedlie,24,3
74,Annaliese Havis,29,2
75,Evanne Ortiga,21,1
76,Amby Wichard,21,2
77,Luella Raulstone,27,3
78,Charlena Beefon,26,3
79,Lynnette Reyna,23,2
80,Jasmin Daleman,29,2
81,Lorelle Trevain,27,2
82,Rosina Slora,25,2
83,Suzie Gibbens,20,1
84,Kerry Feldbrin,20,1
85,Thaddeus Mougenel,27,2
86,Sammy Witch,26,1
87,Evangelin Surman,30,2
88,Frayda Oakenfull,23,2
89,Ron Awcoate,24,3
90,Ignazio Scrane,27,1
91,Beret Brislen,24,1
92,Nerita Yakolev,25,2
93,Charlotta Goalley,29,2
94,Karee Gunstone,21,2
95,Kermy Hundey,27,2
96,Sergei Grewes,20,2
97,Madonna Getten,28,3
98,Janis Milmoe,26,2
99,Perceval Alliberton,30,2
100,Renell O'Hederscoll,23,1
